{
  "_benchmark": {
    "method": "random_fill",
    "output_dir": "results/benchmarks/final_full_available/random_fill",
    "data_dir": "data",
    "eval_files": [
      "mario-1-2.txt",
      "mario-4-1.txt",
      "mario-6-3.txt"
    ],
    "mask_name": "center_expand",
    "width": 80,
    "stride": 10,
    "n": 4,
    "seed": 42,
    "render": true,
    "eval_window_count": 32,
    "sample_count": 128,
    "main_benchmark_columns": [
      "method",
      "known_preserved",
      "completable_rate",
      "tpk_kl_2x2",
      "playable_masked_diversity",
      "struct_viol_per_col",
      "continuity_score",
      "descriptor_distance"
    ]
  },
  "main_benchmark": {
    "method": "random_fill",
    "known_preserved": true,
    "completable_rate": 0.015625,
    "tpk_kl_2x2": 9.343849531872843,
    "playable_masked_diversity": 0.9196428571428571,
    "struct_viol_per_col": 2.1900390625,
    "continuity_score": 0.3807198660714286,
    "descriptor_distance": 12.29190483040556
  },
  "center_expand": {
    "main": {
      "method": "random_fill",
      "known_preserved": true,
      "completable_rate": 0.015625,
      "tpk_kl_2x2": 9.343849531872843,
      "playable_masked_diversity": 0.9196428571428571,
      "struct_viol_per_col": 2.1900390625,
      "continuity_score": 0.3807198660714286,
      "descriptor_distance": 12.29190483040556
    },
    "diagnostics": {
      "progress_mean": 0.3332674050632912,
      "tpk_kl_3x3": 8.572721355665267,
      "tpk_kl_4x4": 8.691554355095162,
      "terrain_state_ngram_kl": 2.073303445142642,
      "diversity": 0.6972277269052305,
      "masked_diversity": 0.9231321496364294,
      "intra_context_diversity": 0.9235889668367347,
      "jump_gap_progress": 0.8524525316455697,
      "seam_kl_left": 9.894815935499626,
      "seam_kl_right": 10.340020824691152,
      "context_tile_acc": 0.07711854272959184,
      "context_valid_rate": 0.0,
      "known_preservation_rate": 1.0,
      "rare_precision": 0.002255013885175275,
      "rare_recall": 0.06901216074296707,
      "rare_f1": 0.004342771508687232,
      "object_recall": 0.06136493017770919,
      "complete_structure_viol_per_col": 6.2621372767857135,
      "pipe_valid_rate": 0.06216151147276346,
      "cannon_valid_rate": 0.7856675149628536,
      "ground_void_ratio_gap": 0.22005208333333334,
      "obstacle_density_gap": 0.7111367984693877,
      "style_class_match_rate": 0.4375,
      "overlong_block_run_rate": 0.5226004464285714,
      "bulky_mass_rate": 3.703962053571429,
      "sky_mass_rate": 2.0248325892857144,
      "sparse_context_mismatch": 0.17303757440476192,
      "coin_run_continuation_rate": 0.765625,
      "platform_row_continuity": 0.6752232142857143,
      "ground_height_continuity": 0.08203125,
      "boundary_pattern_kl": 11.545332445260797,
      "continuity_diversity_tradeoff": 0.6372934490061204
    },
    "all_metrics": {
      "completable_rate": 0.015625,
      "progress_mean": 0.3332674050632912,
      "tpk_kl_2x2": 9.343849531872843,
      "tpk_kl_3x3": 8.572721355665267,
      "tpk_kl_4x4": 8.691554355095162,
      "terrain_state_ngram_kl": 2.073303445142642,
      "diversity": 0.6972277269052305,
      "masked_diversity": 0.9231321496364294,
      "intra_context_diversity": 0.9235889668367347,
      "playable_masked_diversity": 0.9196428571428571,
      "jump_gap_progress": 0.8524525316455697,
      "seam_kl_left": 9.894815935499626,
      "seam_kl_right": 10.340020824691152,
      "struct_viol_per_col": 2.1900390625,
      "context_tile_acc": 0.07711854272959184,
      "context_valid_rate": 0.0,
      "known_preservation_rate": 1.0,
      "rare_precision": 0.002255013885175275,
      "rare_recall": 0.06901216074296707,
      "rare_f1": 0.004342771508687232,
      "object_recall": 0.06136493017770919,
      "complete_structure_viol_per_col": 6.2621372767857135,
      "pipe_valid_rate": 0.06216151147276346,
      "cannon_valid_rate": 0.7856675149628536,
      "ground_void_ratio_gap": 0.22005208333333334,
      "obstacle_density_gap": 0.7111367984693877,
      "style_class_match_rate": 0.4375,
      "descriptor_distance": 12.29190483040556,
      "overlong_block_run_rate": 0.5226004464285714,
      "bulky_mass_rate": 3.703962053571429,
      "sky_mass_rate": 2.0248325892857144,
      "sparse_context_mismatch": 0.17303757440476192,
      "coin_run_continuation_rate": 0.765625,
      "platform_row_continuity": 0.6752232142857143,
      "ground_height_continuity": 0.08203125,
      "boundary_pattern_kl": 11.545332445260797,
      "continuity_score": 0.3807198660714286,
      "continuity_diversity_tradeoff": 0.6372934490061204
    }
  },
  "by_source": {
    "mario-1-2": {
      "main": {
        "method": "random_fill",
        "known_preserved": true,
        "completable_rate": 0.0,
        "tpk_kl_2x2": 8.739623311952007,
        "playable_masked_diversity": 0.0,
        "struct_viol_per_col": 2.0968750000000003,
        "continuity_score": 0.38876488095238093,
        "descriptor_distance": 8.910406224576896
      },
      "diagnostics": {
        "progress_mean": 0.377373417721519,
        "tpk_kl_3x3": 8.575854558456038,
        "tpk_kl_4x4": 8.703156806843696,
        "terrain_state_ngram_kl": 2.264008796760743,
        "diversity": 0.7108690956221199,
        "masked_diversity": 0.922579616524029,
        "intra_context_diversity": 0.9231770833333334,
        "jump_gap_progress": 1.0,
        "seam_kl_left": 10.636597275257639,
        "seam_kl_right": 10.656647686573473,
        "context_tile_acc": 0.0779655612244898,
        "context_valid_rate": 0.0,
        "known_preservation_rate": 1.0,
        "rare_precision": 0.0029687356350548613,
        "rare_recall": 0.06462559690776731,
        "rare_f1": 0.005656861925446876,
        "object_recall": 0.06264344844143951,
        "complete_structure_viol_per_col": 6.227120535714286,
        "pipe_valid_rate": 0.06252959600384314,
        "cannon_valid_rate": 0.7914300778868324,
        "ground_void_ratio_gap": 0.049293154761904774,
        "obstacle_density_gap": 0.5765438988095237,
        "style_class_match_rate": 1.0,
        "overlong_block_run_rate": 0.4447544642857143,
        "bulky_mass_rate": 3.654575892857143,
        "sky_mass_rate": 1.9966517857142858,
        "sparse_context_mismatch": 0.0,
        "coin_run_continuation_rate": 0.6875,
        "platform_row_continuity": 0.6800595238095238,
        "ground_height_continuity": 0.1875,
        "boundary_pattern_kl": 8.271520997422115,
        "continuity_diversity_tradeoff": 0.6406230856555432
      },
      "all_metrics": {
        "completable_rate": 0.0,
        "progress_mean": 0.377373417721519,
        "tpk_kl_2x2": 8.739623311952007,
        "tpk_kl_3x3": 8.575854558456038,
        "tpk_kl_4x4": 8.703156806843696,
        "terrain_state_ngram_kl": 2.264008796760743,
        "diversity": 0.7108690956221199,
        "masked_diversity": 0.922579616524029,
        "intra_context_diversity": 0.9231770833333334,
        "playable_masked_diversity": 0.0,
        "jump_gap_progress": 1.0,
        "seam_kl_left": 10.636597275257639,
        "seam_kl_right": 10.656647686573473,
        "struct_viol_per_col": 2.0968750000000003,
        "context_tile_acc": 0.0779655612244898,
        "context_valid_rate": 0.0,
        "known_preservation_rate": 1.0,
        "rare_precision": 0.0029687356350548613,
        "rare_recall": 0.06462559690776731,
        "rare_f1": 0.005656861925446876,
        "object_recall": 0.06264344844143951,
        "complete_structure_viol_per_col": 6.227120535714286,
        "pipe_valid_rate": 0.06252959600384314,
        "cannon_valid_rate": 0.7914300778868324,
        "ground_void_ratio_gap": 0.049293154761904774,
        "obstacle_density_gap": 0.5765438988095237,
        "style_class_match_rate": 1.0,
        "descriptor_distance": 8.910406224576896,
        "overlong_block_run_rate": 0.4447544642857143,
        "bulky_mass_rate": 3.654575892857143,
        "sky_mass_rate": 1.9966517857142858,