{
  "_benchmark": {
    "method": "mariodiffusion_full",
    "output_dir": "results/benchmarks/final_full_available/mariodiffusion_full",
    "data_dir": "data",
    "eval_files": [
      "mario-1-2.txt",
      "mario-4-1.txt",
      "mario-6-3.txt"
    ],
    "mask_name": "center_expand",
    "width": 80,
    "stride": 10,
    "n": 4,
    "seed": 42,
    "render": true,
    "eval_window_count": 32,
    "sample_count": 128,
    "main_benchmark_columns": [
      "method",
      "known_preserved",
      "completable_rate",
      "tpk_kl_2x2",
      "playable_masked_diversity",
      "struct_viol_per_col",
      "continuity_score",
      "descriptor_distance"
    ]
  },
  "main_benchmark": {
    "method": "mariodiffusion_full",
    "known_preserved": true,
    "completable_rate": 0.609375,
    "tpk_kl_2x2": 0.06452318364307286,
    "playable_masked_diversity": 0.08585377207826188,
    "struct_viol_per_col": 0.1376953125,
    "continuity_score": 0.7607893099379982,
    "descriptor_distance": 1.73898049081586
  },
  "center_expand": {
    "main": {
      "method": "mariodiffusion_full",
      "known_preserved": true,
      "completable_rate": 0.609375,
      "tpk_kl_2x2": 0.06452318364307286,
      "playable_masked_diversity": 0.08585377207826188,
      "struct_viol_per_col": 0.1376953125,
      "continuity_score": 0.7607893099379982,
      "descriptor_distance": 1.73898049081586
    },
    "diagnostics": {
      "progress_mean": 0.760878164556962,
      "tpk_kl_3x3": 0.2802540591161192,
      "tpk_kl_4x4": 0.6683605112045137,
      "terrain_state_ngram_kl": 0.9942942667617165,
      "diversity": 0.11190439573959506,
      "masked_diversity": 0.08695596225695001,
      "intra_context_diversity": 0.03194090136054421,
      "jump_gap_progress": 0.8113132911392406,
      "seam_kl_left": 0.3774953065306802,
      "seam_kl_right": 0.43549670463473256,
      "context_tile_acc": 0.8671675701530612,
      "context_valid_rate": 0.453125,
      "known_preservation_rate": 1.0,
      "rare_precision": 0.00807613506085473,
      "rare_recall": 0.006056991925558102,
      "rare_f1": 0.006637639651346798,
      "object_recall": 0.005032467532467532,
      "complete_structure_viol_per_col": 0.028878348214285712,
      "pipe_valid_rate": 0.9187660929756518,
      "cannon_valid_rate": 1.0,
      "ground_void_ratio_gap": 0.07328869047619048,
      "obstacle_density_gap": 0.04495841305272109,
      "style_class_match_rate": 0.6875,
      "overlong_block_run_rate": 0.008510044642857144,
      "bulky_mass_rate": 0.022042410714285712,
      "sky_mass_rate": 0.0,
      "sparse_context_mismatch": 0.04803757440476191,
      "coin_run_continuation_rate": 0.6875,
      "platform_row_continuity": 0.6921502976190477,
      "ground_height_continuity": 0.83984375,
      "boundary_pattern_kl": 0.1993282467244185,
      "continuity_diversity_tradeoff": 0.07655556438870482
    },
    "all_metrics": {
      "completable_rate": 0.609375,
      "progress_mean": 0.760878164556962,
      "tpk_kl_2x2": 0.06452318364307286,
      "tpk_kl_3x3": 0.2802540591161192,
      "tpk_kl_4x4": 0.6683605112045137,
      "terrain_state_ngram_kl": 0.9942942667617165,
      "diversity": 0.11190439573959506,
      "masked_diversity": 0.08695596225695001,
      "intra_context_diversity": 0.03194090136054421,
      "playable_masked_diversity": 0.08585377207826188,
      "jump_gap_progress": 0.8113132911392406,
      "seam_kl_left": 0.3774953065306802,
      "seam_kl_right": 0.43549670463473256,
      "struct_viol_per_col": 0.1376953125,
      "context_tile_acc": 0.8671675701530612,
      "context_valid_rate": 0.453125,
      "known_preservation_rate": 1.0,
      "rare_precision": 0.00807613506085473,
      "rare_recall": 0.006056991925558102,
      "rare_f1": 0.006637639651346798,
      "object_recall": 0.005032467532467532,
      "complete_structure_viol_per_col": 0.028878348214285712,
      "pipe_valid_rate": 0.9187660929756518,
      "cannon_valid_rate": 1.0,
      "ground_void_ratio_gap": 0.07328869047619048,
      "obstacle_density_gap": 0.04495841305272109,
      "style_class_match_rate": 0.6875,
      "descriptor_distance": 1.73898049081586,
      "overlong_block_run_rate": 0.008510044642857144,
      "bulky_mass_rate": 0.022042410714285712,
      "sky_mass_rate": 0.0,
      "sparse_context_mismatch": 0.04803757440476191,
      "coin_run_continuation_rate": 0.6875,
      "platform_row_continuity": 0.6921502976190477,
      "ground_height_continuity": 0.83984375,
      "boundary_pattern_kl": 0.1993282467244185,
      "continuity_score": 0.7607893099379982,
      "continuity_diversity_tradeoff": 0.07655556438870482
    }
  },
  "by_source": {
    "mario-1-2": {
      "main": {
        "method": "mariodiffusion_full",
        "known_preserved": true,
        "completable_rate": 0.90625,
        "tpk_kl_2x2": 0.21081518831929222,
        "playable_masked_diversity": 0.08392605810797224,
        "struct_viol_per_col": 0.016015625,
        "continuity_score": 0.6468595502789887,
        "descriptor_distance": 4.0440185636589945
      },
      "diagnostics": {
        "progress_mean": 0.9406645569620253,
        "tpk_kl_3x3": 0.8787913272677318,
        "tpk_kl_4x4": 1.70267306278451,
        "terrain_state_ngram_kl": 6.318733407963398,
        "diversity": 0.12606206797235023,
        "masked_diversity": 0.08714100559578672,
        "intra_context_diversity": 0.03584715136054422,
        "jump_gap_progress": 1.0,
        "seam_kl_left": 0.8093226352715176,
        "seam_kl_right": 0.8975001559239886,
        "context_tile_acc": 0.7321029974489797,
        "context_valid_rate": 0.5625,
        "known_preservation_rate": 1.0,
        "rare_precision": 0.0009765625,
        "rare_recall": 0.0008680555555555555,
        "rare_f1": 0.0009191176470588235,
        "object_recall": 0.002232142857142857,
        "complete_structure_viol_per_col": 0.03850446428571429,
        "pipe_valid_rate": 0.8856318681318681,
        "cannon_valid_rate": 1.0,
        "ground_void_ratio_gap": 0.033110119047619055,
        "obstacle_density_gap": 0.1627737032312925,
        "style_class_match_rate": 0.46875,
        "overlong_block_run_rate": 0.022879464285714284,
        "bulky_mass_rate": 0.01841517857142857,
        "sky_mass_rate": 0.0,
        "sparse_context_mismatch": 0.0,
        "coin_run_continuation_rate": 0.625,
        "platform_row_continuity": 0.3415178571428571,
        "ground_height_continuity": 0.9375,
        "boundary_pattern_kl": 0.40824737761536845,
        "continuity_diversity_tradeoff": 0.07175449864316807
      },
      "all_metrics": {
        "completable_rate": 0.90625,
        "progress_mean": 0.9406645569620253,
        "tpk_kl_2x2": 0.21081518831929222,
        "tpk_kl_3x3": 0.8787913272677318,
        "tpk_kl_4x4": 1.70267306278451,
        "terrain_state_ngram_kl": 6.318733407963398,
        "diversity": 0.12606206797235023,
        "masked_diversity": 0.08714100559578672,
        "intra_context_diversity": 0.03584715136054422,
        "playable_masked_diversity": 0.08392605810797224,
        "jump_gap_progress": 1.0,
        "seam_kl_left": 0.8093226352715176,
        "seam_kl_right": 0.8975001559239886,
        "struct_viol_per_col": 0.016015625,
        "context_tile_acc": 0.7321029974489797,
        "context_valid_rate": 0.5625,
        "known_preservation_rate": 1.0,
        "rare_precision": 0.0009765625,
        "rare_recall": 0.0008680555555555555,
        "rare_f1": 0.0009191176470588235,
        "object_recall": 0.002232142857142857,
        "complete_structure_viol_per_col": 0.03850446428571429,
        "pipe_valid_rate": 0.8856318681318681,
        "cannon_valid_rate": 1.0,
        "ground_void_ratio_gap": 0.033110119047619055,
        "obstacle_density_gap": 0.1627737032312925,
        "style_class_match_rate": 0.46875,
        "descriptor_distance": 4.0440185636589945,
        "overlong_block_run_rate": 0.022879464285714284,
        "bulky_mass_rate": 0.01841517857142857,