{
  "_benchmark": {
    "method": "tileflow_v1.4",
    "output_dir": "results/benchmarks/final_tileflow_v1.4/tileflow_v1.4",
    "data_dir": "data",
    "eval_files": [
      "mario-1-2.txt",
      "mario-4-1.txt",
      "mario-6-3.txt"
    ],
    "mask_name": "center_expand",
    "width": 80,
    "stride": 10,
    "n": 4,
    "seed": 42,
    "render": false,
    "eval_window_count": 32,
    "sample_count": 128,
    "main_benchmark_columns": [
      "method",
      "known_preserved",
      "completable_rate",
      "tpk_kl_2x2",
      "playable_masked_diversity",
      "struct_viol_per_col",
      "continuity_score",
      "descriptor_distance"
    ]
  },
  "main_benchmark": {
    "method": "tileflow_v1.4",
    "known_preserved": true,
    "completable_rate": 0.7578125,
    "tpk_kl_2x2": 0.10592616849134417,
    "playable_masked_diversity": 0.17577467520513362,
    "struct_viol_per_col": 0.14726562499999998,
    "continuity_score": 0.8695045632434142,
    "descriptor_distance": 1.444604157527565
  },
  "center_expand": {
    "main": {
      "method": "tileflow_v1.4",
      "known_preserved": true,
      "completable_rate": 0.7578125,
      "tpk_kl_2x2": 0.10592616849134417,
      "playable_masked_diversity": 0.17577467520513362,
      "struct_viol_per_col": 0.14726562499999998,
      "continuity_score": 0.8695045632434142,
      "descriptor_distance": 1.444604157527565
    },
    "diagnostics": {
      "progress_mean": 0.868571993670886,
      "tpk_kl_3x3": 0.6269350856118195,
      "tpk_kl_4x4": 1.5859238094828392,
      "terrain_state_ngram_kl": 0.596193645339218,
      "diversity": 0.1666924080778965,
      "masked_diversity": 0.1652245513116664,
      "intra_context_diversity": 0.10578098426870748,
      "jump_gap_progress": 0.8239715189873418,
      "seam_kl_left": 0.32919026313830935,
      "seam_kl_right": 0.3399715217977356,
      "context_tile_acc": 0.8573620854591837,
      "context_valid_rate": 0.28125,
      "known_preservation_rate": 1.0,
      "rare_precision": 0.030534670343953428,
      "rare_recall": 0.01131839489068968,
      "rare_f1": 0.015460947118104633,
      "object_recall": 0.009187407799293959,
      "complete_structure_viol_per_col": 0.020647321428571425,
      "pipe_valid_rate": 0.9670251623376623,
      "pipe_pair_error_rate": 0.02584702076067208,
      "cannon_valid_rate": 0.96875,
      "ground_void_ratio_gap": 0.1820126488095238,
      "obstacle_density_gap": 0.01927216198979592,
      "style_class_match_rate": 0.6875,
      "overlong_block_run_rate": 0.333984375,
      "bulky_mass_rate": 0.3510044642857143,
      "sky_mass_rate": 0.25027901785714285,
      "sparse_context_mismatch": 0.13509114583333331,
      "coin_run_continuation_rate": 0.765625,
      "platform_row_continuity": 0.9479166666666667,
      "ground_height_continuity": 0.9296875,
      "boundary_pattern_kl": 0.17745914676113497,
      "continuity_diversity_tradeoff": 0.15444402631850299
    },
    "all_metrics": {
      "completable_rate": 0.7578125,
      "progress_mean": 0.868571993670886,
      "tpk_kl_2x2": 0.10592616849134417,
      "tpk_kl_3x3": 0.6269350856118195,
      "tpk_kl_4x4": 1.5859238094828392,
      "terrain_state_ngram_kl": 0.596193645339218,
      "diversity": 0.1666924080778965,
      "masked_diversity": 0.1652245513116664,
      "intra_context_diversity": 0.10578098426870748,
      "playable_masked_diversity": 0.17577467520513362,
      "jump_gap_progress": 0.8239715189873418,
      "seam_kl_left": 0.32919026313830935,
      "seam_kl_right": 0.3399715217977356,
      "struct_viol_per_col": 0.14726562499999998,
      "context_tile_acc": 0.8573620854591837,
      "context_valid_rate": 0.28125,
      "known_preservation_rate": 1.0,
      "rare_precision": 0.030534670343953428,
      "rare_recall": 0.01131839489068968,
      "rare_f1": 0.015460947118104633,
      "object_recall": 0.009187407799293959,
      "complete_structure_viol_per_col": 0.020647321428571425,
      "pipe_valid_rate": 0.9670251623376623,
      "pipe_pair_error_rate": 0.02584702076067208,
      "cannon_valid_rate": 0.96875,
      "ground_void_ratio_gap": 0.1820126488095238,
      "obstacle_density_gap": 0.01927216198979592,
      "style_class_match_rate": 0.6875,
      "descriptor_distance": 1.444604157527565,
      "overlong_block_run_rate": 0.333984375,
      "bulky_mass_rate": 0.3510044642857143,
      "sky_mass_rate": 0.25027901785714285,
      "sparse_context_mismatch": 0.13509114583333331,
      "coin_run_continuation_rate": 0.765625,
      "platform_row_continuity": 0.9479166666666667,
      "ground_height_continuity": 0.9296875,
      "boundary_pattern_kl": 0.17745914676113497,
      "continuity_score": 0.8695045632434142,
      "continuity_diversity_tradeoff": 0.15444402631850299
    }
  },
  "by_source": {
    "mario-1-2": {
      "main": {
        "method": "tileflow_v1.4",
        "known_preserved": true,
        "completable_rate": 1.0,
        "tpk_kl_2x2": 0.22036401841604633,
        "playable_masked_diversity": 0.20595632406188283,
        "struct_viol_per_col": 0.01171875,
        "continuity_score": 0.8607369405131593,
        "descriptor_distance": 1.0095438601576994
      },
      "diagnostics": {
        "progress_mean": 1.0,
        "tpk_kl_3x3": 1.4498855725251483,
        "tpk_kl_4x4": 3.5477907956224293,
        "terrain_state_ngram_kl": 0.37178367029765585,
        "diversity": 0.20923279089861752,
        "masked_diversity": 0.20595632406188283,
        "intra_context_diversity": 0.18098958333333331,
        "jump_gap_progress": 1.0,
        "seam_kl_left": 0.48088282340254423,
        "seam_kl_right": 0.4192395728698872,
        "context_tile_acc": 0.7475286989795918,
        "context_valid_rate": 0.53125,
        "known_preservation_rate": 1.0,
        "rare_precision": 0.06028543046006281,
        "rare_recall": 0.017440116167434714,
        "rare_f1": 0.025758638982073517,
        "object_recall": 0.01148583249587714,
        "complete_structure_viol_per_col": 0.022879464285714284,
        "pipe_valid_rate": 0.9553571428571428,
        "pipe_pair_error_rate": 0.028715277777777777,
        "cannon_valid_rate": 1.0,
        "ground_void_ratio_gap": 0.04929315476190477,
        "obstacle_density_gap": 0.03970025510204082,
        "style_class_match_rate": 1.0,
        "overlong_block_run_rate": 1.2935267857142856,
        "bulky_mass_rate": 1.1941964285714284,
        "sky_mass_rate": 0.9793526785714286,
        "sparse_context_mismatch": 0.0,
        "coin_run_continuation_rate": 0.65625,
        "platform_row_continuity": 0.9947916666666667,
        "ground_height_continuity": 0.953125,
        "boundary_pattern_kl": 0.16121890461402927,
        "continuity_diversity_tradeoff": 0.19161527015712232
      },
      "all_metrics": {
        "completable_rate": 1.0,
        "progress_mean": 1.0,
        "tpk_kl_2x2": 0.22036401841604633,
        "tpk_kl_3x3": 1.4498855725251483,
        "tpk_kl_4x4": 3.5477907956224293,
        "terrain_state_ngram_kl": 0.37178367029765585,
        "diversity": 0.20923279089861752,
        "masked_diversity": 0.20595632406188283,
        "intra_context_diversity": 0.18098958333333331,
        "playable_masked_diversity": 0.20595632406188283,
        "jump_gap_progress": 1.0,
        "seam_kl_left": 0.48088282340254423,
        "seam_kl_right": 0.4192395728698872,
        "struct_viol_per_col": 0.01171875,
        "context_tile_acc": 0.7475286989795918,
        "context_valid_rate": 0.53125,
        "known_preservation_rate": 1.0,
        "rare_precision": 0.06028543046006281,
        "rare_recall": 0.017440116167434714,
        "rare_f1": 0.025758638982073517,
        "object_recall": 0.01148583249587714,
        "complete_structure_viol_per_col": 0.022879464285714284,
        "pipe_valid_rate": 0.9553571428571428,
        "pipe_pair_error_rate": 0.028715277777777777,
        "cannon_valid_rate": 1.0,
        "ground_void_ratio_gap": 0.04929315476190477,
        "obstacle_density_gap": 0.03970025510204082,