{
  "_benchmark": {
    "method": "tileflow_v1.2",
    "output_dir": "results/benchmarks/final_full_available/tileflow_v1.2",
    "data_dir": "data",
    "eval_files": [
      "mario-1-2.txt",
      "mario-4-1.txt",
      "mario-6-3.txt"
    ],
    "mask_name": "center_expand",
    "width": 80,
    "stride": 10,
    "n": 4,
    "seed": 42,
    "render": true,
    "eval_window_count": 32,
    "sample_count": 128,
    "main_benchmark_columns": [
      "method",
      "known_preserved",
      "completable_rate",
      "tpk_kl_2x2",
      "playable_masked_diversity",
      "struct_viol_per_col",
      "continuity_score",
      "descriptor_distance"
    ]
  },
  "main_benchmark": {
    "method": "tileflow_v1.2",
    "known_preserved": true,
    "completable_rate": 0.7109375,
    "tpk_kl_2x2": 0.11983071003751067,
    "playable_masked_diversity": 0.18672721835987144,
    "struct_viol_per_col": 0.15439453125000002,
    "continuity_score": 0.8752328254676017,
    "descriptor_distance": 1.675331967114913
  },
  "center_expand": {
    "main": {
      "method": "tileflow_v1.2",
      "known_preserved": true,
      "completable_rate": 0.7109375,
      "tpk_kl_2x2": 0.11983071003751067,
      "playable_masked_diversity": 0.18672721835987144,
      "struct_viol_per_col": 0.15439453125000002,
      "continuity_score": 0.8752328254676017,
      "descriptor_distance": 1.675331967114913
    },
    "diagnostics": {
      "progress_mean": 0.8520569620253166,
      "tpk_kl_3x3": 0.6487981369108384,
      "tpk_kl_4x4": 1.6317841610640602,
      "terrain_state_ngram_kl": 0.6118224128143052,
      "diversity": 0.16990792410714284,
      "masked_diversity": 0.16981814563916117,
      "intra_context_diversity": 0.10944143282312924,
      "jump_gap_progress": 0.8278283227848102,
      "seam_kl_left": 0.34444771681462427,
      "seam_kl_right": 0.34268380297408907,
      "context_tile_acc": 0.8571328922193877,
      "context_valid_rate": 0.296875,
      "known_preservation_rate": 1.0,
      "rare_precision": 0.0273451723774414,
      "rare_recall": 0.012908416029170105,
      "rare_f1": 0.01603348876678918,
      "object_recall": 0.010034718970265845,
      "complete_structure_viol_per_col": 0.028459821428571428,
      "pipe_valid_rate": 0.9051990327380952,
      "cannon_valid_rate": 0.984375,
      "ground_void_ratio_gap": 0.18019903273809523,
      "obstacle_density_gap": 0.024367559523809524,
      "style_class_match_rate": 0.6015625,
      "overlong_block_run_rate": 0.3609095982142857,
      "bulky_mass_rate": 0.3835100446428572,
      "sky_mass_rate": 0.2745535714285714,
      "sparse_context_mismatch": 0.1314639136904762,
      "coin_run_continuation_rate": 0.7890625,
      "platform_row_continuity": 0.95703125,
      "ground_height_continuity": 0.9296875,
      "boundary_pattern_kl": 0.19209687570430634,
      "continuity_diversity_tradeoff": 0.15922428053129645
    },
    "all_metrics": {
      "completable_rate": 0.7109375,
      "progress_mean": 0.8520569620253166,
      "tpk_kl_2x2": 0.11983071003751067,
      "tpk_kl_3x3": 0.6487981369108384,
      "tpk_kl_4x4": 1.6317841610640602,
      "terrain_state_ngram_kl": 0.6118224128143052,
      "diversity": 0.16990792410714284,
      "masked_diversity": 0.16981814563916117,
      "intra_context_diversity": 0.10944143282312924,
      "playable_masked_diversity": 0.18672721835987144,
      "jump_gap_progress": 0.8278283227848102,
      "seam_kl_left": 0.34444771681462427,
      "seam_kl_right": 0.34268380297408907,
      "struct_viol_per_col": 0.15439453125000002,
      "context_tile_acc": 0.8571328922193877,
      "context_valid_rate": 0.296875,
      "known_preservation_rate": 1.0,
      "rare_precision": 0.0273451723774414,
      "rare_recall": 0.012908416029170105,
      "rare_f1": 0.01603348876678918,
      "object_recall": 0.010034718970265845,
      "complete_structure_viol_per_col": 0.028459821428571428,
      "pipe_valid_rate": 0.9051990327380952,
      "cannon_valid_rate": 0.984375,
      "ground_void_ratio_gap": 0.18019903273809523,
      "obstacle_density_gap": 0.024367559523809524,
      "style_class_match_rate": 0.6015625,
      "descriptor_distance": 1.675331967114913,
      "overlong_block_run_rate": 0.3609095982142857,
      "bulky_mass_rate": 0.3835100446428572,
      "sky_mass_rate": 0.2745535714285714,
      "sparse_context_mismatch": 0.1314639136904762,
      "coin_run_continuation_rate": 0.7890625,
      "platform_row_continuity": 0.95703125,
      "ground_height_continuity": 0.9296875,
      "boundary_pattern_kl": 0.19209687570430634,
      "continuity_score": 0.8752328254676017,
      "continuity_diversity_tradeoff": 0.15922428053129645
    }
  },
  "by_source": {
    "mario-1-2": {
      "main": {
        "method": "tileflow_v1.2",
        "known_preserved": true,
        "completable_rate": 1.0,
        "tpk_kl_2x2": 0.26114420886770207,
        "playable_masked_diversity": 0.2135116647465438,
        "struct_viol_per_col": 0.02109375,
        "continuity_score": 0.8615157686442486,
        "descriptor_distance": 1.3923273176063353
      },
      "diagnostics": {
        "progress_mean": 1.0,
        "tpk_kl_3x3": 1.5447964884906324,
        "tpk_kl_4x4": 3.7091544726919956,
        "terrain_state_ngram_kl": 0.3044338667406747,
        "diversity": 0.2145215293778802,
        "masked_diversity": 0.2135116647465438,
        "intra_context_diversity": 0.18981186224489793,
        "jump_gap_progress": 1.0,
        "seam_kl_left": 0.4602008684997006,
        "seam_kl_right": 0.49018571747522915,
        "context_tile_acc": 0.7432238520408163,
        "context_valid_rate": 0.375,
        "known_preservation_rate": 1.0,
        "rare_precision": 0.05574835603707886,
        "rare_recall": 0.021889827035886815,
        "rare_f1": 0.029229910064148074,
        "object_recall": 0.01661058125901876,
        "complete_structure_viol_per_col": 0.03236607142857143,
        "pipe_valid_rate": 0.88046875,
        "cannon_valid_rate": 1.0,
        "ground_void_ratio_gap": 0.05487351190476192,
        "obstacle_density_gap": 0.0546343537414966,
        "style_class_match_rate": 1.0,
        "overlong_block_run_rate": 1.4056919642857142,
        "bulky_mass_rate": 1.3359375,
        "sky_mass_rate": 1.078125,
        "sparse_context_mismatch": 0.0,
        "coin_run_continuation_rate": 0.6875,
        "platform_row_continuity": 1.0,
        "ground_height_continuity": 0.96875,
        "boundary_pattern_kl": 0.2636361016292479,
        "continuity_diversity_tradeoff": 0.1987276653575878
      },
      "all_metrics": {
        "completable_rate": 1.0,
        "progress_mean": 1.0,
        "tpk_kl_2x2": 0.26114420886770207,
        "tpk_kl_3x3": 1.5447964884906324,
        "tpk_kl_4x4": 3.7091544726919956,
        "terrain_state_ngram_kl": 0.3044338667406747,
        "diversity": 0.2145215293778802,
        "masked_diversity": 0.2135116647465438,
        "intra_context_diversity": 0.18981186224489793,
        "playable_masked_diversity": 0.2135116647465438,
        "jump_gap_progress": 1.0,
        "seam_kl_left": 0.4602008684997006,
        "seam_kl_right": 0.49018571747522915,
        "struct_viol_per_col": 0.02109375,
        "context_tile_acc": 0.7432238520408163,
        "context_valid_rate": 0.375,
        "known_preservation_rate": 1.0,
        "rare_precision": 0.05574835603707886,
        "rare_recall": 0.021889827035886815,
        "rare_f1": 0.029229910064148074,
        "object_recall": 0.01661058125901876,
        "complete_structure_viol_per_col": 0.03236607142857143,
        "pipe_valid_rate": 0.88046875,
        "cannon_valid_rate": 1.0,
        "ground_void_ratio_gap": 0.05487351190476192,
        "obstacle_density_gap": 0.0546343537414966,
        "style_class_match_rate": 1.0,
        "descriptor_distance": 1.3923273176063353,
        "overlong_block_run_rate": 1.4056919642857142,
        "bulky_mass_rate": 1.3359375,
        "sky_mass_rate": 1.078125,
        "sparse_context_mismatch": 0.0,